date,Biomass,Coal,Hydro,Nuclear,Other,Solar,Wind,NGas
2012-01-01,869.281425,237851.5591,707.505941,123916.5462,573.604937,215.930344,129841.1413,230633.60128
2012-01-02,876.354549,257148.9385,648.231948,123911.9046,576.995742,197.388069,125540.3124,222319.34209999998
2012-01-03,919.860335,273217.6515,758.143065,123870.5912,508.432071,205.92672,115198.1598,274492.53559
2012-01-04,961.694048,261765.2689,679.989206,123816.6095,481.496846,139.634252,79925.34046,294674.58605
2012-01-05,786.41315,246951.9593,722.931711,123963.5275,414.930121,401.044146,46272.74952,325441.54296
2012-01-06,846.054175,243831.3479,731.921381,123872.7692,494.783553,283.486182,95565.35331,281636.0927
2012-01-07,797.791691,282767.1733,640.605029,123835.2798,463.590982,159.334952,34038.09011,313951.9413
2012-01-08,795.051094,292797.918,510.164029,123682.821,486.155481,166.49962,58408.91682,255008.68467000002
2012-01-09,903.717201,261941.8745,510.957599,123702.935,494.805086,130.046268,125795.1203,217077.51114000002
2012-01-10,837.677952,280035.9529,777.217632,123739.9918,453.227572,365.914081,63267.06228,379800.90882
2012-01-11,789.538131,304358.178,696.467612,124105.968,430.240028,339.736668,37070.90178,445896.74028
2012-01-12,827.532327,314041.2561,693.910642,124214.1659,360.795306,389.778493,101456.3262,355264.67525
2012-01-13,904.445415,295334.7603,512.257915,124182.582,306.479232,239.462886,150973.287,272924.90475
2012-01-14,941.344437,289538.5193,583.571337,124130.2255,384.154702,49.315896,166851.6581,190894.24704
2012-01-15,922.10234,298733.4651,551.847221,124048.6838,463.559068,105.058278,100525.8438,188687.74648
2012-01-16,851.582266,289114.6369,698.53683,124054.3059,510.34721,88.949296,100912.1384,184307.98025
2012-01-17,783.263707,293474.94,523.467559,124100.6201,501.37584,420.789203,109982.2749,233651.76004999998
2012-01-18,756.778831,326013.2161,537.008103,124107.3551,476.65974,402.400862,100461.0047,230679.38148
2012-01-19,749.994535,299872.6528,525.282481,123959.4256,389.458821,189.002236,175444.0411,191257.82736999998
2012-01-20,687.186152,300837.4347,595.631456,124118.1464,377.265158,372.175352,102647.0248,291415.27065
2012-01-21,724.50418,324145.9301,639.477984,124255.1578,404.432336,289.964083,79367.47113,337263.2658
2012-01-22,762.330836,305124.7145,1401.01987,124237.3742,380.312263,240.685084,160442.4503,175571.64694
2012-01-23,781.585173,291086.1189,1320.692775,124168.2478,405.837225,107.631781,99319.7774,167060.89186
2012-01-24,783.438154,346461.4711,1455.277015,124115.3566,457.900517,369.189536,43756.57996,220858.9598
2012-01-25,646.291774,270708.9499,1467.396787,124128.657,383.241951,381.155512,158896.2368,224534.4215
2012-01-26,613.286243,342719.9418,1497.196988,124318.9911,335.967008,344.841126,52344.76133,470597.13348
2012-01-27,768.309839,342856.9063,1479.275241,124296.3799,396.803526,50.851222,71928.28867,419998.35523999995
2012-01-28,828.794308,332751.2362,1475.318216,124252.8962,403.768723,355.754006,62676.34272,348376.77075
2012-01-29,851.423362,358755.7443,1664.174265,124322.8582,435.854688,159.694352,41120.55107,390910.81422999996
2012-01-30,837.444221,331087.1275,1565.573507,124339.8117,446.970833,143.693468,160953.5829,276422.26915
2012-01-31,891.994039,307596.4031,1530.764495,124286.7514,437.636187,32.845889,94769.21706,277198.90754
2012-02-01,844.438768,324104.4313,631.77955,60665.16132,420.344164,335.9195,60998.0327,343284.6707
2012-02-02,891.51149,321396.8917,806.678139,38545.56951,470.024606,373.821444,114183.3859,330182.2722
2012-02-03,945.472186,337858.5345,753.759046,41919.02007,514.147795,334.142942,64059.88668,311700.85653
2012-02-04,833.28687,351359.8933,897.760312,45356.2669,506.330565,388.323895,22570.00929,314489.47680999996
2012-02-05,885.692919,335844.4673,692.083329,53253.86005,509.346789,435.666149,50755.16935,335540.6533
2012-02-06,867.351091,330338.9772,594.513472,57818.7021,475.664041,471.425164,23597.909,319242.26459
2012-02-07,920.61853,314842.0673,681.209168,44552.31858,439.639866,461.457385,69736.51616,308440.43912
2012-02-08,950.220567,289014.1214,728.591054,48072.64106,478.315638,407.693454,160867.7639,262042.75986999998
2012-02-09,971.63114,307925.7476,644.747104,47544.57887,455.867305,401.836327,162210.8147,265038.57224
2012-02-10,941.761756,285615.4062,557.356777,46351.47092,511.35901,304.936371,184277.361,225142.69009999998
2012-02-11,916.752411,308036.732,663.907514,61426.98501,441.043375,207.38897,117446.0807,241967.6476
2012-02-12,861.951036,312708.2697,771.3282,89639.81848,425.783508,427.675636,37283.12161,292512.45479
2012-02-13,833.099816,291727.6254,715.487491,90802.34611,332.74434,103.912051,81541.9153,305262.06734999997
2012-02-14,837.578481,294765.5617,652.333866,90873.89685,292.913593,258.933781,44323.25726,317449.88691999996
2012-02-15,914.859187,300364.771,698.132176,90911.53281,249.450099,153.791015,54564.3381,311660.22973
2012-02-16,850.316229,306892.2543,791.100583,90920.43223,329.175973,344.250253,35141.86022,306167.37914
2012-02-17,854.119863,309885.4726,500.287342,73775.59848,386.203044,439.577876,93151.88274,229869.42844
2012-02-18,877.844386,300598.5217,528.286057,63998.42852,418.857942,391.802723,118534.2477,200223.93469
2012-02-19,878.715331,319685.361,605.614847,86347.45655,408.382095,181.620766,47281.43023,264124.83823
2012-02-20,889.938357,359982.1564,798.30013,88927.80339,469.264957,396.588439,14083.26903,268985.02677
2012-02-21,847.858951,340401.1671,602.063663,90316.68423,449.969332,340.338781,84052.56493,215815.26891
2012-02-22,933.458159,296782.4049,541.552676,90567.95777,487.153345,314.798258,108608.4059,168946.98210999998
2012-02-23,904.982415,294358.5659,555.24518,90431.01248,498.760597,183.254078,115213.7484,163525.93588
2012-02-24,860.925145,331567.9485,623.629143,89963.77547,478.547763,389.109884,70857.4917,184087.9985
2012-02-25,920.350412,306620.6561,554.344526,89914.82859,430.864713,369.998382,120847.6395,163483.50997
2012-02-26,879.466606,321427.8837,623.158309,89814.75693,468.401699,246.618405,116629.034,222639.62864
2012-02-27,1002.641459,326282.2506,678.942831,95576.83844,495.552889,296.28077,60567.35918,274499.35393
2012-02-28,920.123541,313109.7727,650.93254,111086.4428,473.708826,416.096515,95172.58083,259031.22094
2012-02-29,830.03365,290833.14,641.015789,116643.9236,506.259506,264.35265,120434.9158,229866.99026999998
2012-03-01,927.713364,277869.5536,705.947967,121220.7617,496.701768,231.066281,104118.915,230778.63079000002
2012-03-02,1155.306958,326215.9353,663.86831,122028.5466,515.617251,422.908265,49941.31317,288159.65865
2012-03-03,2903.547319,343673.4556,792.420504,122194.2404,491.208584,520.201807,31313.15237,298677.60577
2012-03-04,2786.342201,304955.4065,787.097339,122234.1936,493.015582,558.300407,126115.8524,278154.59182000003
2012-03-05,2718.794883,338988.0497,919.253233,122030.0852,498.692671,456.787366,98830.64536,345887.84621
2012-03-06,2762.597246,367133.6512,906.139579,122183.1953,499.605089,489.644512,41044.87317,371046.21908
2012-03-07,3126.840352,328226.4811,775.134393,104631.2474,458.403278,323.915244,98149.18836,224641.00535
2012-03-08,3273.240992,320290.3878,853.153263,92199.5527,433.167056,150.922629,47010.57168,201095.07969
2012-03-09,2542.905545,327183.9268,871.819575,93397.63694,474.31978,466.920993,44335.3448,251849.54539
2012-03-10,863.377161,303288.4853,779.896774,93703.32232,471.381331,302.651384,108870.6183,271044.13667
2012-03-11,817.757944,369734.7127,780.552987,93466.58937,498.547035,342.873401,46206.0642,348543.06772
2012-03-12,901.348766,371156.3481,865.199441,93130.04741,494.329639,286.867967,78125.96259,361329.29573
2012-03-13,926.995194,335149.9301,995.185701,92770.26209,516.081495,327.345657,135858.642,366433.69214
2012-03-14,831.206784,313007.0697,889.525979,92300.24533,504.091256,213.194591,150623.5196,314847.73106
2012-03-15,705.444654,323649.4685,725.633336,92174.15699,506.454018,374.26996,47152.50037,354864.68663
2012-03-16,710.82473,323729.7106,765.297523,92116.19572,491.295542,279.058019,41503.44903,343670.11778
2012-03-17,832.419918,284150.8022,661.905418,91816.52627,496.691813,97.869588,122216.3794,268705.95782
2012-03-18,706.940197,330178.6251,794.42068,91472.34534,413.209496,357.962984,95217.7373,352871.36984
2012-03-19,913.172196,341720.8939,713.30098,91438.62282,406.519651,519.213833,41804.43849,323337.6681
2012-03-20,943.431577,314433.0131,741.078399,91430.62687,420.79553,539.345318,61067.93713,285227.72847000003
2012-03-21,934.058296,315340.4918,750.630986,86835.43673,467.895067,303.732964,121330.4845,243206.39562
2012-03-22,858.7448,359102.1215,810.895418,60632.71948,478.829587,447.172542,132289.7993,320410.12862
2012-03-23,916.828937,370852.7166,840.179563,60845.57422,476.135371,406.531394,89030.81411,393463.81408
2012-03-24,889.475185,343013.6995,798.135859,61092.69418,495.444213,260.969319,114896.64,378192.84891
2012-03-25,907.439628,331996.9204,736.993153,61119.14456,477.993364,434.349576,155998.4046,346632.1939
2012-03-26,921.9642,327725.6477,853.37207,60963.25748,517.159844,374.279286,141297.3423,358483.68662
2012-03-27,956.5031,298199.6798,536.267805,61119.37518,487.699572,100.027386,133087.6632,245343.35113
2012-03-28,882.195568,315713.2706,648.852722,61253.49816,492.690189,425.126018,31176.59652,276433.86816
2012-03-29,845.925238,314983.4289,576.774773,61268.41101,495.234766,514.798431,25340.25338,269170.64603
2012-03-30,729.155716,305045.7719,559.311307,60712.04983,484.68021,510.973833,80065.47601,288026.66942
2012-03-31,851.264234,331343.365,464.869458,60622.51853,490.285948,454.452657,44756.84484,299120.00391
2012-04-01,803.873381,336819.9454,473.907704,60323.74625,408.610844,393.296366,28462.55751,328803.31586
2012-04-02,1367.273061,382775.0495,1303.045718,121388.8806,485.397748,474.511507,58300.64955,528487.4283500001
2012-04-03,1292.277867,365804.9441,1328.819176,121376.7118,495.360622,540.094133,77116.64293,521924.8873
2012-04-04,1116.892127,374393.1206,1179.621837,121285.2062,456.77308,567.405077,80784.23152,557369.7647
2012-04-05,1233.998943,380848.7643,1421.087661,121294.211,464.773922,571.437278,80110.72903,612147.4087
2012-04-06,1310.31889,386012.5435,1511.168275,121285.5836,413.338892,533.533969,73922.20771,615845.0416
2012-04-07,1299.743242,397859.5161,1557.004465,121212.1531,502.283014,566.455203,39512.79106,633504.3219
2012-04-08,1229.975365,381997.9286,1521.323848,121222.4092,488.000144,580.984285,74334.78175,616996.4208
2012-04-09,914.922272,351037.9153,1183.311117,121376.0349,469.923081,483.913591,95662.07879,407573.45268
2012-04-10,905.775141,339161.8397,1194.678792,121647.2349,479.117877,533.712335,10433.04756,401158.72406000004
2012-04-11,904.367978,345100.1553,1135.562129,121720.6787,462.794663,513.555067,38117.58373,447156.85109
2012-04-12,910.95208,333092.6019,1304.52122,121818.4895,443.759033,545.801133,106157.6938,428209.77068
2012-04-13,815.468912,371727.5544,1259.01721,121796.6659,415.827193,377.522131,92288.2348,460471.06399999995
2012-04-14,852.81415,371460.6414,1244.541381,121824.6865,485.39964,264.03182,88001.9765,396242.79225
2012-04-15,745.067985,361231.2244,1450.1254,121861.496,478.356746,120.790889,39312.55518,325995.55757
2012-04-16,811.962489,358193.1271,1215.51216,121908.904,550.815358,245.750926,7681.130957,329039.15349
2012-04-17,834.64542,335294.5556,1209.690508,122007.4043,507.177695,50.363601,13579.74,311441.84209
2012-04-18,910.313249,345249.8593,1003.628364,122147.6971,524.144823,387.976265,25420.77312,380526.92308
2012-04-19,866.102174,348110.9464,1262.183269,122228.6335,543.303889,450.852403,31043.65879,388364.99114999996
2012-04-20,735.12844,327710.5664,1345.705572,122258.56,464.34334,529.579064,68378.42074,363103.37729
2012-04-21,820.473438,316733.176,1489.263091,122127.9566,418.317206,493.294641,98133.38861,378454.40346
2012-04-22,838.767604,326162.1092,1233.448685,122078.5573,492.571736,573.628965,93197.0363,384030.23167
2012-04-23,773.805117,357182.1047,1159.895699,97794.52814,521.904771,552.149447,56048.87139,401496.20771
2012-04-24,771.676329,356034.747,1088.945229,109793.6495,537.100351,559.996497,68553.57509,387402.64356
2012-04-25,838.152255,351585.8925,1203.048956,121936.3556,504.987137,507.724237,115201.3369,423593.05673999997
2012-04-26,859.793651,347352.3427,1265.817687,121899.0811,429.737867,529.064257,155287.6078,400057.22927
2012-04-27,836.962136,362644.4237,1232.670141,122060.3533,481.188089,491.948149,116342.7772,427053.45684
2012-04-28,978.445952,380041.0832,1160.741156,122106.6804,420.362081,391.48655,58699.63831,436463.71001
2012-04-29,990.941298,370384.1824,1083.546939,122110.4015,477.150405,176.664634,43537.06681,403067.41936000006
2012-04-30,1068.165461,320462.8511,840.409687,122091.9142,512.92037,213.449228,100580.9235,276425.12224
2012-05-01,994.696968,308312.4756,648.370216,122316.0055,544.778588,347.151758,40676.16013,265461.7189
2012-05-02,3787.409416,363952.8125,923.298808,121095.2795,3309.689949,526.343627,69753.67582,681732.673
2012-05-03,3805.922739,373886.2249,1070.36931,121036.8642,3342.464102,528.113023,88710.32729,647190.914
2012-05-04,3688.574854,374094.7567,881.030406,121182.6679,3301.814835,529.3865,113504.1243,607685.3193
2012-05-05,3208.327879,355135.8497,1070.905865,121186.5097,3258.567823,493.27232,94810.3867,592094.5985
2012-05-06,2969.828585,358647.6918,632.239289,121028.8942,3179.865773,387.960156,46796.47243,570487.6486
2012-05-07,3321.386037,382725.4547,920.079927,121296.982,3210.869183,402.635478,36961.30766,638144.6455
2012-05-08,3275.508116,402533.2545,943.385612,120978.6762,3343.183585,494.442867,44524.47865,637739.6293
2012-05-09,3000.355075,405051.7136,1367.608441,120704.261,3378.352377,505.251523,36494.14751,595858.9051
2012-05-10,3385.519682,397538.7673,1300.562032,120633.8307,3256.872676,489.499439,25582.98384,661518.3623
2012-05-11,3302.108596,396414.3691,1205.684026,120677.7714,3214.793154,440.353756,43015.90842,624190.3384
2012-05-12,3168.611712,377377.9778,1174.449181,120755.0189,3201.041198,478.861089,41722.84652,560762.0584
2012-05-13,3204.923314,374159.2815,1156.314759,120788.4123,3181.052653,500.77891,75557.52743,544391.2075
2012-05-14,3336.075102,400063.4211,1279.91252,120890.9954,3228.601327,427.296839,48618.26748,627030.2947
2012-05-15,3258.312042,393428.4943,1319.630816,120996.6682,3144.667984,500.939141,73805.60068,602142.5496
2012-05-16,3244.207201,360387.7755,1265.261667,121106.6866,3122.885381,479.500024,109131.5923,549209.8413
2012-05-17,2939.958548,373946.9098,1407.390568,121179.769,1063.860155,471.584051,73848.13141,574533.7771000001
2012-05-18,1235.607893,385637.6869,1376.837769,121113.4928,404.956342,529.692762,46314.89797,605683.9624
2012-05-19,772.432248,371453.8435,1433.423105,121069.4902,347.268824,383.106039,48387.60134,471564.28872
2012-05-20,767.154006,361254.9572,1498.962819,121318.7381,342.979046,314.986265,20457.0049,443704.99754
2012-05-21,769.432868,376106.2179,1310.362236,121344.9162,455.285534,610.640118,18663.79725,539690.44418
2012-05-22,978.222893,327044.8475,1181.91902,121155.7635,438.592034,438.972785,53205.41431,484585.48126
2012-05-23,1242.609788,341843.6703,1291.982266,121274.8581,439.854933,508.73711,60847.23953,495783.90512
2012-05-24,1325.557622,333924.1902,1351.111989,121397.0846,448.644141,531.401363,100452.9849,505430.68701
2012-05-25,1374.043935,347870.5644,1298.116364,121446.9149,465.295937,527.468306,90801.0717,516720.44753999996
2012-05-26,1316.548722,357094.2494,1355.422149,121504.8715,505.48364,502.766881,123658.7928,447649.30196
2012-05-27,1344.945495,355590.4493,1202.796817,121508.2607,481.626629,484.695011,63422.24102,483215.43407
2012-05-28,1399.684788,382524.6095,1312.828534,121482.0879,449.677687,563.833388,13160.9736,584246.2204
2012-05-29,1351.783645,385813.1453,1446.774148,121500.8642,462.391437,422.189512,29658.05751,588850.1197
2012-05-30,1324.533127,371044.5152,1222.240547,121580.1003,469.588607,583.156552,24854.23141,600242.2728
2012-05-31,1474.112099,370742.6778,1216.701363,121584.7569,451.362246,570.554232,12683.14688,632672.1354
2012-06-01,1517.211321,384364.967,1236.76481,121423.2977,461.958747,421.972606,19567.66184,633911.1637
2012-06-02,2630.3293259999996,337164.018965,1038.6692680000003,120831.13188199997,346.84003999999993,320.10438800000003,73485.48589399998,419814.15906
2012-06-03,3029.070017999999,360314.2537790001,1137.2455809999997,120884.23426800001,409.0098270000001,444.168724,128805.258316,460549.0755789999
2012-06-04,3154.9264369999996,371251.96504699974,1018.099457,121541.86860900003,414.08613800000023,461.21425199999993,132462.729078,470794.234253
2012-06-05,2939.0573520000003,359920.76998899993,808.0732600000005,121610.97405600002,386.28735499999993,492.80732700000004,118491.78987700002,460243.0476609998
2012-06-06,2586.6935619999995,374192.6067260001,792.5887139999999,121559.72834900001,403.5057899999998,468.84560999999997,90486.945155,539210.8689560001
2012-06-07,2656.699651000001,380657.106995,986.987982,121442.07295800003,345.60661000000005,417.64684500000004,50442.93265599999,578747.8502290002
2012-06-08,2623.087348,367260.07033400005,878.4481040000002,121313.62088300003,454.49251800000036,497.04644200000007,43080.86296299997,528088.134529
2012-06-09,2571.7214079999994,347594.7463789999,1039.6787829999996,121343.12288099996,444.21879000000007,381.4110150000001,41611.27415899999,480179.8932029999
2012-06-10,2985.7717110000003,362918.2472019999,1338.2893930000002,121338.97153499996,455.7975939999999,427.4212639999999,35943.863423,525743.523403
2012-06-11,1324.5080710000004,347105.8614330001,734.5029829999999,121494.16120299997,430.91800099999995,312.90041100000013,31518.160218,501540.42593599996
2012-06-12,1313.9773060000002,327237.881886,823.3127389999996,121611.48332100002,407.1982880000001,180.8471300000001,28273.382303999995,512152.91416799993
2012-06-13,1434.5908430000006,361514.85283800005,702.8411599999997,121738.11930300004,440.447103,508.235052,13572.825796000001,521657.3528210001
2012-06-14,1375.3532409999998,370150.69156400004,759.9098109999998,121674.13733999996,475.027147,410.6642469999998,25076.090744000005,513816.07641399995
2012-06-15,1299.2919279999999,367575.08214800013,740.7114550000001,121416.40630299997,466.8171079999999,494.2440669999999,34954.494859000006,490675.3004269998
2012-06-16,1241.8223619999994,336871.56167599984,647.819138,121329.37446600001,466.39132999999987,503.2716209999999,48542.356202999996,444855.915998
2012-06-17,1177.689538,347685.489619,961.2345470000004,121243.50949599997,467.93877699999996,563.107401,72301.03740399997,499472.17224399996
2012-06-18,1205.1433699999995,358376.321734,587.515098,121250.83638400001,326.15791299999995,396.980668,95996.141176,499210.68838499987
2012-06-19,2105.0012180000003,371385.597741,613.997517,121272.91151399995,328.79964000000007,332.05797600000005,76518.47847799999,534675.771276
2012-06-20,1385.3268159999998,379337.5284480001,559.4905970000002,121307.21144400003,325.0493210000001,419.6418320000001,61955.62163100001,573972.4461459997
2012-06-21,1345.1673319999995,387466.9601520001,666.5331080000002,121155.31176899998,374.24988999999994,512.4620399999999,44667.272069,603987.734633
2012-06-22,1342.4262959999996,382419.222663,699.7779540000001,121153.65609799999,369.75776600000006,517.4754459999999,40430.75642399999,589689.242616
2012-06-23,1311.976423,383882.843224,683.6924989999999,121235.72651099997,312.76548399999984,417.30765099999996,52711.582435000026,538393.3294170001
2012-06-24,1396.7982330000002,382226.7403900001,703.969808,121225.11698399998,355.59444799999994,426.61117100000007,80781.07813100003,547131.570139
2012-06-25,1452.0219789999999,380385.8584849999,550.806884,121272.61162000003,436.683588,378.6690010000001,100973.57145000002,542565.6211970001
2012-06-26,1392.8514489999993,385873.5066420001,622.6879349999999,121268.430279,419.7442810000003,472.83047299999987,122291.398227,545493.1106179999
2012-06-27,1417.4926400000006,380787.4011210001,727.33202,121440.958386,474.2477489999997,431.8187659999999,82695.89746200001,584024.441078
2012-06-28,1431.2168310000002,387052.1322129998,708.0460359999998,121491.83882299998,452.6626200000001,425.27316400000007,43608.35430399998,595952.3721950001
2012-06-29,1336.078727,384797.88806599996,658.2313140000002,121293.68854399999,491.68320600000004,481.33470599999987,40506.51549699999,590085.648173
2012-06-30,1355.1629949999995,384216.06420799997,679.9050190000003,121111.13587900002,467.84796299999994,510.56672199999997,51692.654113,576078.873377
2012-07-01,2233.065835,375080.4882459999,915.055409,120916.34051799997,2212.74441,511.99937299999993,55958.161827,657775.6622880001
2012-07-02,3716.5289,368772.136211,928.0722029999996,120972.46231,3157.8932040000013,521.994915,55512.995807,679990.6233599999
2012-07-03,2828.2399630000004,323222.99275999994,1076.2725509999998,122370.02410399992,420.7418650000002,558.0613760000001,67495.35377999999,431525.065846
2012-07-04,2872.263271,323850.83584800013,1074.1607930000002,122286.682544,400.68944200000004,499.811386,94527.21529000002,439795.00467300013
2012-07-05,3361.253539999999,318163.277006,1109.53982,122214.95150300002,308.64259,328.607406,143267.00360000003,417085.955973
2012-07-06,3153.710508000001,346387.92604500003,1162.2938199999996,122233.14473200002,340.862682,399.8940700000001,80583.16975599997,529453.9350180001
2012-07-07,3906.2769209999988,357122.279238,1070.0883419999998,122115.84249500002,367.3022929999999,447.82267100000007,30439.124656999997,576656.1212149998
2012-07-08,3722.5415179999977,351701.29804900003,916.0733609999999,121941.04199699998,359.5597239999999,508.70756200000005,54363.84551299999,531828.5572719998
2012-07-09,3555.4355920000007,326775.6417689999,941.4608290000001,121862.29682199997,443.17054700000006,331.6444920000001,60554.60168300004,433465.2415329999
2012-07-10,3734.3311729999987,338128.7537710001,799.3645250000005,122036.477049,488.1627810000001,301.73017099999987,29291.293479999997,449157.77453600004
2012-07-11,2843.243967000001,316767.6527020001,830.7875490000002,122048.32777399999,498.55472399999985,498.0895700000001,96493.226786,432680.75357099995
2012-07-12,911.0467559999997,329337.4111200001,958.1005100000002,122019.24350199997,504.13846099999995,481.2029440000001,97345.43298999999,472264.583632
2012-07-13,1330.0134279999997,365186.15328,1093.6755500000002,121907.02921399998,478.47101799999996,514.1298459999999,88377.88406699999,580113.5406899999
2012-07-14,1217.9528340000004,336528.075952,920.5757170000002,121940.66703200001,410.0808709999998,373.1596499999999,86833.64266000001,516404.0350150002
2012-07-15,1209.4123349999998,310249.16077799984,837.0958479999999,121976.749434,405.2336869999999,447.065123,90045.69334700004,488315.4521770002
2012-07-16,1272.5588750000002,343870.012402,765.1327339999999,121992.13825599999,361.46576000000005,452.30189099999996,127158.44255700002,496617.26481500006
2012-07-17,1244.4516789999998,328454.0795200001,794.3777699999999,121758.676381,427.56792699999977,478.990063,98822.87035599994,528076.902002
2012-07-18,1248.8057370000006,331337.9236429999,797.5242860000001,120911.04021100003,425.40780499999994,470.3747119999998,68607.936773,490678.70320399996
2012-07-19,1505.101837,313253.99505400006,816.5166760000001,121939.890835,456.33693500000015,467.1788199999999,59617.812040000004,473398.95053199993
2012-07-20,3727.4429309999987,320626.0662829999,803.6345460000001,121924.41882800002,474.8631229999999,463.76406800000007,140628.873046,467889.7081810002
2012-07-21,3730.3339120000005,323722.0455760001,819.051635,121938.91231599991,453.8989849999999,408.0454229999999,173635.01866499998,415053.83214199997
2012-07-22,3800.137070999999,320069.37559799996,705.39459,122055.80622500001,458.0646109999998,283.74494100000004,154481.232818,430089.5387990004
2012-07-23,3929.5701879999997,358606.34382799984,810.685132,122100.544659,474.96710899999994,440.2999379999999,54590.989010000034,513142.6872809999
2012-07-24,3863.7289809999997,347458.757679,945.614329,122127.51570100001,442.90378000000004,526.799199,32249.615557999994,572376.8608169999
2012-07-25,3045.4022210000003,365219.1648520001,1217.5250219999998,122030.68397700004,379.84038400000003,452.7862470000001,52766.340541,522485.976699
2012-07-26,3107.0413399999998,358064.027061,780.5273959999998,121876.638939,576.2588400000001,499.120113,44494.060912999994,555005.3769980001
2012-07-27,3281.517672000001,384246.1114139999,1367.1538560000004,121728.78225900006,2552.6048450000008,518.1090230000001,29493.504091000024,649079.2602219998
2012-07-28,3284.5860790000006,393703.00893999997,1232.9758209999998,121486.91201100001,3245.345635000001,451.72588400000006,32260.118116,683619.8264300001
2012-07-29,3184.6296389999993,393137.6705299999,1221.5960970000003,120959.26976599997,2371.3296289999994,489.41454700000014,53180.80041099999,669134.6832200001
2012-07-30,3120.846978999999,400650.03513599985,1208.8333439999997,120920.28392299997,367.2769209999999,500.1525329999999,81415.42764400001,575789.910254
2012-07-31,3235.6988259999994,394200.4661270001,1070.4902730000006,121080.34515000004,428.9241020000003,413.15347399999996,78319.13905800006,541775.249887
2012-08-01,2670.1649809999985,375730.14485800004,940.0436020000003,120555.52285800004,400.15204300000005,354.26162200000016,68178.389671,468612.4716180002
2012-08-02,721.871962,216881.1329,1105.896691,123158.5682,474.717066,344.49196,147261.8291,427805.75613
2012-08-03,773.254098,233810.5836,1109.217165,123113.9628,424.889493,347.195655,122048.6121,453565.10361
2012-08-04,758.904696,259232.7534,1210.069639,123032.113,407.345338,431.231779,79481.43101,514841.97469999996
2012-08-05,775.729943,258137.9645,1278.578382,122934.4356,433.557632,411.107248,93835.62584,512750.75450000004
2012-08-06,772.809566,234605.2875,2029.839761,122862.6785,453.720884,389.904521,105381.5985,493905.70170000003
2012-08-07,825.232438,228120.322,2002.536053,122817.669,296.450649,411.404649,95549.47205,449191.99315
2012-08-08,1046.529011,273677.8249,2030.042198,122770.3324,296.727554,425.39962,71557.42563,493950.87858
2012-08-09,1034.179937,229777.0262,2195.253987,122744.3708,305.025836,81.784864,57909.26276,404885.44507
2012-08-10,721.994836,248121.5014,2006.417195,122939.6969,317.519514,396.093089,17429.82661,446895.1518
2012-08-11,785.743455,240022.2109,2355.857398,122906.689,359.551932,134.873788,55097.48163,388026.00297000003
2012-08-12,777.35635,263538.6208,3174.170961,122862.7443,460.683982,380.01359,15441.25774,400258.90887
2012-08-13,821.516906,261369.8406,2445.527566,122869.8061,493.923505,425.904075,31286.71247,337830.04313999997
2012-08-14,1406.908019,257597.0073,2062.452063,123021.2047,415.204108,528.514795,13516.71573,351677.99497
2012-08-15,1055.815908,275840.5981,1817.653219,122908.2664,394.032594,344.77846,16665.79901,417437.37706
2012-08-16,812.289438,273450.0324,2141.117324,122749.4486,417.340773,274.54841,11476.04062,392355.37546
2012-08-17,1277.68397,277787.3148,2296.729682,122836.6257,455.998291,570.429676,25174.05605,429497.46682
2012-08-18,1978.909488,284946.6745,1884.702252,122818.6619,371.736859,569.648754,79316.01091,412733.34608
2012-08-19,1445.82063,265840.2924,1814.261252,122511.3116,441.155495,533.535997,151800.5306,375142.01099
2012-08-20,835.741955,273176.1838,1786.117461,122272.9089,442.89448,486.660438,133893.6492,347845.33489
2012-08-21,822.820868,296523.6777,1781.104197,122279.0771,384.753471,481.377353,66615.15605,388293.39098
2012-08-22,771.806602,310846.782,1730.423833,122246.4933,376.542164,513.492857,31911.33813,488007.26091
2012-08-23,651.39687,302177.719,1858.880974,122002.5234,387.304599,548.229812,87999.9724,467654.75536999997
2012-08-24,667.416751,287265.5294,1854.950234,122003.3138,312.731622,456.0887,142155.7551,448564.64223
2012-08-25,1157.607959,293793.1527,1651.559513,122509.6107,380.929086,462.377714,117504.544,501613.8559
2012-08-26,2710.672437,318613.3583,1317.517782,122589.1674,353.362544,457.569556,142871.4915,472795.31329
2012-08-27,2231.16007,299551.896,1122.647005,122543.1019,337.651336,481.793928,151752.8314,413708.67195
2012-08-28,2058.173048,265318.1779,1160.042469,122556.6302,418.667388,486.752076,145768.3824,404523.88618000003
2012-08-29,2942.381187,315273.2324,1246.854932,122551.604,443.23018,529.7939,94767.34251,458604.78707
2012-08-30,3274.795828,331662.9169,1366.338002,122458.2549,444.20103,526.657519,84797.45455,527538.2677
2012-08-31,3384.952587,312303.6918,1266.678527,122337.7118,420.141548,425.08133,130214.52,469222.75914
2012-09-01,3161.231193,310246.1523,1075.831038,122319.9482,436.005416,397.375484,87041.12685,439868.47438
2012-09-02,695.9724590000001,188921.01200499997,3064.1120620000006,90347.17530300003,532.4915290000001,339.1923200000001,130579.02193199997,411579.07727999985
2012-09-03,779.7589079999998,209060.85744000002,3084.4420640000003,62294.645306999984,469.11128600000006,299.8466210000001,114869.52991299998,470234.36838
2012-09-04,793.0258680000002,229170.030922,3139.387535,60138.75472600001,410.29710199999994,202.82757199999992,58643.64066099999,490862.404843
2012-09-05,739.6896880000002,207719.28683800003,3071.2840100000003,60172.96991,456.13216399999993,352.43428600000004,39423.029362000016,489403.3927220002
2012-09-06,892.3431240000002,211058.95985999997,2883.0595039999994,62068.077913,411.975937,329.15536499999985,25154.374306,513451.2518760001
2012-09-07,935.59748,183451.346657,2971.435246000001,83760.91253100002,362.70682000000005,316.985988,111437.564169,402535.30850800005
2012-09-08,878.2180240000004,186390.3340380001,3006.7898379999997,89757.53867700002,351.3532520000001,310.257493,98783.051084,395934.512347
2012-09-09,772.2861490000003,200637.04934100003,3066.756233000001,89753.67929500002,334.26498499999997,338.16253900000004,29167.566710000006,395657.83348599996
2012-09-10,868.8311320000003,190138.25873700005,3090.1197159999997,89803.85389100004,342.69888499999973,286.2587309999999,66438.976426,438198.91393700003
2012-09-11,809.2833729999996,194508.004351,3091.7103800000014,89812.38198299998,370.216849,346.5072870000002,63129.97027700001,473824.33503799984
2012-09-12,677.9995550000001,188830.0793360001,2964.4113160000006,89546.49466699999,401.3655730000001,331.07560100000006,96103.00466399996,455197.5406189998
2012-09-13,762.9649070000002,186186.63853000003,3026.6387249999993,89676.41020999996,445.61745799999994,255.92273399999996,141702.60155300001,401229.37923599995
2012-09-14,776.2862569999999,189279.67839699998,3094.8164789999996,89960.91844200001,458.9426020000001,168.08926900000006,137888.43925999998,407993.5753629999
2012-09-15,785.9699270000001,172973.85759499998,2558.0723509999993,89884.741319,397.3589920000001,158.68419299999996,171055.77803500002,383389.6292830001
2012-09-16,693.6352679999998,169666.058124,2592.5317600000008,89974.67883499998,366.4750820000001,253.93090200000006,111839.82324699996,393807.80434400006
2012-09-17,735.609683,185971.366063,2895.429234,90024.55959299998,418.214758,169.01071300000007,44994.26838799999,407466.719272
2012-09-18,815.1491270000001,202650.40854100004,2440.112324999999,90126.45626500002,382.702271,540.3708669999999,50952.63758699999,418695.287902
2012-09-19,755.0088320000004,188607.06587200004,2424.906333,90082.76062899998,388.23137500000007,493.5847989999998,134441.625172,364631.2648840001
2012-09-20,775.6317219999996,195565.740398,1805.929728,89558.33950799999,451.36702099999997,508.46482999999995,109849.85356200003,392462.7178799999
2012-09-21,744.4377229999999,193038.995584,1231.9790150000003,89231.04285499999,446.39561999999984,251.26493500000004,108234.55989300001,351981.647184
2012-09-22,815.736929,201409.035525,1128.8865409999996,89561.314708,465.51515399999994,577.9748270000001,32847.80554200001,349444.300544
2012-09-23,784.26588,189172.627657,1193.6103550000003,89782.09682399996,409.3019879999999,537.548286,61052.81841200002,364990.29224900005
2012-09-24,756.5800690000001,200191.34167300008,1381.985892,103045.16399699998,371.81709100000006,540.0964680000001,62160.35402399997,383273.8948810001
2012-09-25,791.2624369999996,195958.667723,1120.2772000000002,119745.280388,367.4448120000001,585.787719,94643.00059499998,387691.36069899995
2012-09-26,775.9107170000002,212670.61051900004,1478.9990850000006,123091.39949000005,302.69374600000003,474.3619180000001,106749.31617900002,448457.5658409998
2012-09-27,771.7570680000001,220939.00350700007,1492.0799380000005,123356.21509099996,532.9210829999998,395.06712699999997,79444.29706600003,493192.228375
2012-09-28,834.994209,221355.210512,1474.141403,123300.493674,506.3374389999999,433.41063799999984,109814.03644600001,439383.37246000004
2012-09-29,906.0719749999998,201178.62651199996,1039.8915430000002,113040.25767600002,512.7129760000001,414.11944900000015,101733.16966100002,443440.49552699993
2012-09-30,877.2732070000002,195819.63700500003,1014.275451,123247.502809,533.0825819999999,333.60663099999994,101243.63833200005,410837.1226430001
2012-10-01,850.430711,214593.342185,1118.7962099999995,123240.11026699998,538.7246369999999,254.98374699999997,117162.429777,457395.0364360001
2012-10-02,858.8553069999999,213611.918633,1135.4068729999997,90835.79860399998,436.504421,67.139825,138522.35409600002,303128.96020200005
2012-10-03,903.9162220000002,232901.9766560001,1276.7148509999997,90739.227053,467.29835899999983,216.949131,80933.66107500001,337164.90832000016
2012-10-04,890.3584690000004,224992.221404,1417.011134,90831.54710299999,441.89061399999986,298.194883,64828.52152100002,292983.126645
2012-10-05,887.0109029999999,249258.43071,1381.0303860000006,91006.09185200003,384.6368950000001,310.39729200000005,46789.921838,293645.80670500005
2012-10-06,891.1428009999994,240092.47161599994,1389.4039399999995,90672.35221800001,384.10697,309.339168,123249.197511,269066.245595
2012-10-07,822.050604,222337.151204,1465.1641509999997,90888.81651099995,454.70729099999994,209.45838599999993,165153.162941,239792.58635599999
2012-10-08,884.5124529999997,227746.655136,1124.294339,90687.66567500001,442.1806379999998,57.11242200000002,163475.72147100006,253298.08839599995
2012-10-09,921.555275,242591.19209399994,1223.7198390000005,90814.40318299993,463.77542100000005,68.02834800000001,142243.136335,296704.284012
2012-10-10,883.1939170000003,246779.31203899995,1458.283221,90851.85607599997,422.58123399999994,24.324842999999994,105764.575607,370745.23668399994
2012-10-11,848.8823449999996,263804.2311440001,1342.5901370000004,90868.31919099997,446.8425259999998,34.49268700000001,10487.034197999998,396053.2226159999
2012-10-12,827.9997030000005,186171.7151709999,1255.5219120000002,86994.037198,459.5414969999999,238.60648899999995,69834.311237,304422.22237400006
2012-10-13,876.057099,219013.88675400004,1295.0158429999997,90592.69973700002,444.97482499999984,262.54112999999995,86100.970437,325980.970528
2012-10-14,761.9538840000004,225276.20876099996,1200.942045,90513.817605,388.24785999999995,171.936087,110115.11599699994,320675.9140030001
2012-10-15,727.2557400000003,234875.99899400008,777.3695919999999,90547.19457199996,355.414662,116.28732399999998,112334.24393699998,323327.44188199996
2012-10-16,769.3125590000003,237025.799365,1025.1426380000003,90488.58875400005,457.31897799999996,183.045136,114503.78337800001,335794.5054779999
2012-10-17,882.1218360000004,232451.56401400003,863.7716000000001,90639.71037099998,459.084183,129.454599,151937.449413,302077.52422300016
2012-10-18,848.8911289999999,229019.42122699996,852.7534199999999,90662.72235500003,487.13888700000007,155.71635500000002,157584.87429300003,261709.73897099996
2012-10-19,808.1649490000002,216520.80969999998,923.2505260000001,90606.10470600001,482.8542540000001,74.73138299999998,167887.07771,250959.20660900002
2012-10-20,754.0830179999995,238715.32902499998,1013.200498,90581.59264499998,490.56581300000005,152.66532999999998,117641.807519,341597.777593
2012-10-21,665.2049229999999,221777.63862699995,2073.6352049999996,90553.38501800003,441.383001,173.53873200000004,78266.59808200003,329908.68148999976
2012-10-22,700.727303,235761.864513,1624.658089,90722.01444500001,451.49086600000015,333.371645,79570.66129000002,305738.15324499994
2012-10-23,760.0230890000001,233338.82176100003,1299.7480699999996,90684.04473500002,503.11741600000005,346.51323300000007,85761.67667600002,322739.117539
2012-10-24,722.7718100000003,249224.14519899996,1603.3535509999992,90663.13093399997,499.94308299999983,303.689127,26475.240913,370648.55077800003
2012-10-25,704.8695719999995,230467.835793,2179.9802229999996,90632.57926700001,437.41659300000003,237.754936,51730.790818,346864.293609
2012-10-26,673.5395629999999,210038.41991099998,2001.6296639999996,90590.25567200003,425.01862000000006,269.084269,87913.91053400002,343344.817217
2012-10-27,800.4123709999997,219521.43879700007,3116.9025500000002,90053.931217,485.2125509999998,0.0,125720.66986499997,366752.48995399993
2012-10-28,902.1920019999999,217815.0941029999,3095.577737,90102.45017799998,478.3712999999999,305.51393300000007,104658.00315600005,378084.15499899996
2012-10-29,860.599528,211367.674269,3121.0101020000006,90467.87702400004,521.984317,0.0,83000.03097700003,401725.4082119999
2012-10-30,910.4958699999999,209820.82509099995,3224.748797999999,73874.371409,496.4967949999998,220.41598899999997,82110.932702,422734.78778999986
2012-10-31,920.5236170000003,222188.2287109999,3217.746765000001,73887.47765700001,499.0122259999999,0.0,64769.51199399997,458039.68435
2012-11-01,949.5516090000001,211977.01640800002,3080.181439,86736.67972500001,496.18944,104.526407,50170.96411200001,460994.187611
2012-11-02,786.156443,227155.3419,1444.850732,90823.87894,308.436983,0.0,33075.45146,365202.85005999997
2012-11-03,889.104885,207474.9953,1099.515615,90739.02356,299.357573,220.02508600000002,111905.0064,316292.37841
2012-11-04,840.558576,209137.5928,1127.587638,90772.29759,320.254898,0.0,116406.4639,302853.3375
2012-11-05,760.840277,201687.7874,1606.774814,90798.45926,322.114784,278.07044999999994,118380.7116,280057.13761
2012-11-06,806.583044,224437.7644,1568.298499,90870.90631,330.375271,0.0,77187.13895,370837.63
2012-11-07,762.529481,245934.5003,1645.830214,90979.82268,317.477818,322.56312699999995,20731.03308,454721.71435
2012-11-08,850.486226,232930.674,1665.795003,90918.22635,311.52401,166.989844,64209.64094,375507.59177
2012-11-09,768.048546,260519.3984,1521.300696,90894.2467,293.443341,94.369561,38243.66103,416787.59776
2012-11-10,778.668273,248155.5137,1296.056924,90856.19865,302.126246,106.945082,85896.27248,389881.70648
2012-11-11,813.141863,254629.8204,1282.332378,90897.98098,341.344492,121.9495,52985.55689,369321.46015
2012-11-12,836.26888,252553.531,1559.244421,90906.08655,332.878227,56.747106,97438.225,417703.62849000003
2012-11-13,765.242897,306264.7716,1485.985658,90906.47214,296.384562,99.007094,50917.65437,467853.43435
2012-11-14,790.414397,292202.1297,1252.29869,90960.21649,323.490157,214.572981,69035.37427,413759.50844999996
2012-11-15,809.134973,266347.8899,1128.62875,90976.9318,351.716753,181.91417,57394.89254,352130.65674
2012-11-16,737.939202,252536.6498,1187.39453,90850.48077,273.94233,178.063652,92697.43471,299493.17511999997
2012-11-17,814.770007,271436.6961,1311.212011,90927.18663,277.880114,177.102462,63442.1414,322985.25281
2012-11-18,862.286312,302698.0646,1254.928065,90998.29794,355.053049,306.662802,15971.22799,330390.75663
2012-11-19,850.52151,300427.5537,1574.887096,90958.18763,373.737325,114.529048,53267.47266,285546.12209
2012-11-20,820.349849,289605.8498,1187.090064,90982.30819,380.286012,159.148365,60586.13325,272608.33759
2012-11-21,1109.271391,271164.6973,1685.478992,90714.79962,374.712955,246.575201,121044.1042,278181.26634
2012-11-22,1296.065169,277505.5918,1225.642147,90937.4448,354.892782,179.389243,89238.46499,293529.82095
2012-11-23,1314.201308,271551.5949,1222.725925,90728.02401,407.499654,108.521857,127228.3172,254634.33188
2012-11-24,1424.882347,264136.2404,1370.175194,90862.89184,395.036636,27.543224,135417.0876,257817.10153
2012-11-25,1332.926746,280489.4971,1464.206082,90923.77563,369.828247,76.873689,71277.27039,284037.75306
2012-11-26,869.831068,243678.7599,1201.694874,90944.20114,529.385708,253.781878,124183.1443,276247.70994
2012-11-27,790.361803,237063.6831,1153.076523,90919.57199,516.363116,177.43239,125616.3485,251020.45029
2012-11-28,763.214177,256839.5108,1262.351321,90750.05555,494.086398,241.276214,74253.66523,284837.44049
2012-11-29,766.197469,240296.5682,1330.914841,90887.71754,497.554228,242.164825,139956.1934,255468.96386999998
2012-11-30,705.008421,250611.5468,870.221519,90628.00801,481.021016,109.266756,63301.93227,329285.02214
2012-12-01,757.504324,291625.3733,1019.540037,91080.4829,353.784454,137.306617,67062.58712,224452.14667000002
2012-12-02,757.973721,327485.7464,1109.878591,91132.66131,367.451899,121.362824,26720.40571,345233.73639
2012-12-03,770.692509,295762.6603,1140.15389,91132.25668,336.354645,140.487264,122505.7649,352301.53386
2012-12-04,728.555973,277883.8615,984.074439,91112.85519,304.654249,42.470697,93394.01623,338503.15318
2012-12-05,793.373353,275277.6895,1095.965421,91078.00145,353.454901,79.627996,36928.17349,358874.37785000005
2012-12-06,866.931574,233752.7944,1016.777254,91043.78709,416.744886,123.264402,123332.7966,283059.18698
2012-12-07,811.8361,271743.8552,1149.941648,91042.82222,461.016319,109.337151,54286.44725,278898.87778
2012-12-08,816.396475,274881.9657,991.344799,91037.36401,473.081,105.683562,69171.01108,276763.14331
2012-12-09,827.302513,272577.4055,1094.769708,90959.35218,452.710039,116.254361,105236.3194,334353.73017
2012-12-10,726.812722,297977.0629,994.928245,89915.06862,448.728267,113.387728,76419.69386,378411.44651
2012-12-11,670.680615,273343.7554,1074.962931,90634.46531,360.773978,52.539676,132551.321,313804.67974
2012-12-12,731.545052,302399.3285,1029.843525,91012.66333,406.516591,194.035066,82758.61858,444823.52571
2012-12-13,892.658581,307363.7393,1191.726296,91123.05591,382.662211,216.119513,42917.29011,462293.85179000004
2012-12-14,709.014561,282801.2508,1895.185178,91141.98151,467.062392,40.513911,70115.51469,352612.51825
2012-12-15,783.970674,244015.3947,1893.67713,91127.04359,446.642537,15.339088,147620.8086,263723.92138
2012-12-16,1150.163525,233684.8485,1810.887424,91074.41913,420.871597,159.483742,146777.4085,253406.65991999998
2012-12-17,1240.260393,260018.3386,1836.185754,91052.36914,437.223909,238.695432,92485.11388,302196.17698999995
2012-12-18,1456.397139,269489.4633,1714.40052,91132.8482,394.040936,123.730284,72130.09015,375122.84838
2012-12-19,1530.159599,260220.8439,1832.280605,91107.73838,440.283531,208.170093,84648.22754,320164.02869
2012-12-20,1254.973769,229381.227,1711.538994,91035.00005,456.566267,265.973452,118215.7922,295276.03653
2012-12-21,1352.73431,231466.7019,1865.277307,90940.24314,434.754239,121.435997,71613.75258,326373.92139000003
2012-12-22,1179.150798,214952.7565,1709.790163,91024.3781,415.040668,66.565136,126452.4803,273087.44278
2012-12-23,1230.322089,233727.2096,1714.392611,91029.73663,416.317923,209.918062,55415.0431,351989.1762
2012-12-24,1265.935951,224371.6521,1792.919902,90964.86082,398.726601,257.264979,100860.6188,344191.80905
2012-12-25,1230.772905,233340.6719,1816.697536,90955.33645,205.851595,225.518599,106811.2803,338500.33876
2012-12-26,1312.289563,237089.1565,1628.13926,90892.7708,337.731719,95.726077,66847.00623,363244.79956
2012-12-27,1171.592623,221504.47,1343.688621,91008.50527,523.019886,185.725578,132041.3419,320770.56658000004
2012-12-28,1424.080312,236915.9368,1244.2866,90982.01653,505.204872,77.772401,60491.18534,340077.84397000005
2012-12-29,1406.07621,230188.3446,1212.195928,91067.89498,545.13314,185.702236,77810.74041,341480.90984000004
2012-12-30,1003.387351,220877.7854,1163.186518,90984.14252,474.941356,28.747789,139582.0268,308558.82071
2012-12-31,906.357552,233604.9841,1214.517433,90906.87252,432.339145,41.921254,78029.00262,307524.97033
2013-01-01,,,,,,273.483457,,
2013-01-02,,,,,,265.425939,,
2013-01-03,,,,,,276.557086,,
2013-01-04,,,,,,278.964256,,
2013-01-05,,,,,,72.939623,,
2013-01-06,,,,,,128.788627,,
